{
  "urls": [
    "../public/pipbuck_sprites.ogg",
    "../public/pipbuck_sprites.m4a",
    "../public/pipbuck_sprites.mp3",
    "../public/pipbuck_sprites.ac3",
    "../public/pipbuck_sprites.webm"
  ],
  "sprite": {
    "silence": [
      0,
      1000,
      true
    ],
    "ui_pipboy_mode": [
      2000,
      150.7256235827663
    ],
    "ui_pipboy_select": [
      4000,
      169.1383219954652
    ],
    "ui_pipboy_tab": [
      6000,
      206.8027210884358
    ],
    "ui_menu_cancel": [
      8000,
      74.60317460317434
    ],
    "ui_menu_focus": [
      10000,
      55.07936507936506
    ],
    "ui_menu_ok": [
      12000,
      181.22448979591786
    ],
    "ui_menu_prevnext": [
      14000,
      93.26530612244888
    ],
    "ui_pipboy_tuner": [
      16000,
      120.88435374149498
    ],
    "UI_PipBoy_RotaryHorizontal_01": [
      18000,
      417.9591836734709
    ],
    "UI_PipBoy_RotaryHorizontal_02": [
      20000,
      417.9591836734709
    ],
    "ui_pipboy_holotape_start": [
      22000,
      458.48072562358414
    ],
    "ui_pipboy_holotape_stop": [
      24000,
      443.76417233560164
    ],
    "ui_loadscreen_initial": [
      26000,
      1336.0090702947857
    ],
    "UI_Discover_Location_01": [
      29000,
      11159.999999999996
    ],
    "ui_karma_up": [
      42000,
      3904.0136054421737
    ],
    "ui_karma_down": [
      47000,
      4425.374149659867
    ],
    "ui_leveluptext": [
      53000,
      4904.013605442174
    ],
    "ui_health_heartbeat_a_lp": [
      59000,
      2860.3174603174607,
      true
    ],
    "ui_health_heartbeat_b_lp": [
      63000,
      1933.424036281181,
      true
    ],
    "UI_PipBoy_BootSequence_A": [
      66000,
      5093.877551020412
    ],
    "UI_PipBoy_BootSequence_B": [
      73000,
      5433.469387755096
    ],
    "UI_PipBoy_BootSequence_C": [
      80000,
      5746.938775510202
    ],
    "ui_radio_static_lp": [
      87000,
      5253.424036281174,
      true
    ],
    "UI_Pipboy_Radio_StaticBackground_LP": [
      94000,
      5303.900226757363,
      true
    ],
    "UI_Radio_Static_LP": [
      101000,
      5253.424036281174,
      true
    ],
    "ui_pipboy_hum_lp": [
      108000,
      2310.3854875283505,
      true
    ],
    "UI_PipBoy_Hum_LP": [
      112000,
      3577.3015873015906,
      true
    ],
    "ui_static_c_01": [
      117000,
      772.97052154195
    ],
    "ui_static_c_02": [
      119000,
      465.75963718821356
    ],
    "ui_static_c_03": [
      121000,
      269.75056689342125
    ],
    "ui_static_c_04": [
      123000,
      214.33106575963734
    ],
    "ui_static_c_05": [
      125000,
      473.10657596371186
    ],
    "ui_static_d_01": [
      127000,
      633.6054421768722
    ],
    "ui_static_d_02": [
      129000,
      1170.83900226757
    ],
    "ui_static_d_03": [
      132000,
      599.5011337868448
    ],
    "ui_static_d_04": [
      134000,
      480.2267573696213
    ],
    "ui_static_d_05": [
      136000,
      861.7233560090654
    ],
    "UI_PipBoy_BurstStatic_01": [
      138000,
      548.5714285714209
    ],
    "UI_PipBoy_BurstStatic_02": [
      140000,
      914.285714285711
    ],
    "UI_PipBoy_BurstStatic_03": [
      142000,
      783.6734693877645
    ],
    "UI_PipBoy_BurstStatic_04": [
      144000,
      548.5714285714209
    ],
    "UI_PipBoy_BurstStatic_05": [
      146000,
      548.5714285714209
    ],
    "UI_PipBoy_BurstStatic_06": [
      148000,
      731.4285714285802
    ],
    "UI_PipBoy_BurstStatic_07": [
      150000,
      522.448979591843
    ],
    "UI_PipBoy_BurstStatic_08": [
      152000,
      679.1836734693959
    ],
    "UI_PipBoy_BurstStatic_09": [
      154000,
      548.5714285714209
    ],
    "UI_PipBoy_BurstStatic_10": [
      156000,
      731.4285714285802
    ],
    "UI_PipBoy_BurstStatic_12": [
      158000,
      365.7142857142901
    ],
    "UI_PipBoy_BurstStatic_13": [
      160000,
      313.4693877551058
    ],
    "UI_PipBoy_BurstStatic_16": [
      162000,
      548.5714285714209
    ],
    "UI_PipBoy_BurstStatic_17": [
      164000,
      496.32653061223664
    ],
    "UI_PipBoy_Radiation_A_01": [
      166000,
      1776.3265306122378
    ],
    "UI_PipBoy_Radiation_A_02": [
      169000,
      1776.3265306122378
    ],
    "UI_PipBoy_Radiation_A_03": [
      172000,
      1776.3265306122378
    ],
    "UI_PipBoy_Radiation_A_04": [
      175000,
      1906.9387755102127
    ],
    "UI_PipBoy_Radiation_B_01": [
      178000,
      1776.3265306122378
    ],
    "UI_PipBoy_Radiation_B_02": [
      181000,
      1776.3265306122378
    ],
    "UI_PipBoy_Radiation_B_03": [
      184000,
      1776.3265306122378
    ],
    "UI_PipBoy_Radiation_B_04": [
      187000,
      1906.9387755102127
    ],
    "UI_PipBoy_Radiation_C_01": [
      190000,
      1776.3265306122378
    ],
    "UI_PipBoy_Radiation_C_02": [
      193000,
      1776.3265306122378
    ],
    "UI_PipBoy_Radiation_C_03": [
      196000,
      1906.9387755102127
    ],
    "UI_PipBoy_Radiation_C_04": [
      199000,
      1906.9387755102127
    ],
    "UI_PipBoy_Radiation_D_01": [
      202000,
      1906.9387755102127
    ],
    "UI_PipBoy_Radiation_D_02": [
      205000,
      1776.3265306122378
    ],
    "UI_PipBoy_Radiation_D_03": [
      208000,
      1906.9387755102127
    ],
    "UI_PipBoy_Radiation_D_04": [
      211000,
      1776.3265306122378
    ],
    "UI_PipBoy_Radiation_E_01": [
      214000,
      1854.6938775510284
    ],
    "UI_PipBoy_Radiation_E_02": [
      217000,
      1802.4489795918441
    ],
    "UI_PipBoy_Radiation_E_03": [
      220000,
      1933.0612244897907
    ],
    "UI_PipBoy_Radiation_E_04": [
      223000,
      1933.0612244897907
    ],
    "UI_PipBoy_Radiation_F_01": [
      226000,
      1906.9387755102127
    ],
    "UI_PipBoy_Radiation_F_02": [
      229000,
      2037.5510204081593
    ],
    "UI_PipBoy_Radiation_F_03": [
      233000,
      2037.5510204081593
    ],
    "UI_PipBoy_Radiation_F_04": [
      237000,
      1906.9387755102127
    ],
    "UI_PipBoy_Radiation_G_01": [
      240000,
      1985.306122448975
    ],
    "UI_PipBoy_Radiation_G_02": [
      243000,
      1933.0612244897907
    ],
    "UI_PipBoy_Radiation_G_03": [
      246000,
      1933.0612244897907
    ],
    "UI_PipBoy_Radiation_G_04": [
      249000,
      1933.0612244897907
    ]
  }
}